Bild,Titel,Jahr,Eigenschaften,Copyright Bild,Ansicht
http://img.kochman.at/57%20Fotos%202000%20pxl/000303.jpg,„BI 5” (Passstück),1990,"Aluminiumguß bemalt
50 x 27 x 77 cm
Sockel: 77 x 74 x 45 cm",,"Atelier Weißgerberlände, 1990"
http://img.kochman.at/57%20Fotos%202000%20pxl/000693.jpg,„Schöne Aussicht”,1988,"Stahl, Zeitung
113 x 84 x 46 cm",,Installationsansicht Galerie Zwirner
http://img.kochman.at/57%20Fotos%202000%20pxl/000715.jpg,„PA 1”,1990,"Bodenplatte, Monitor, Metall, Stühle
Tisch: 43 x 60 x 110 cm
sechs Stühle: Maße variabel","Bettina Letz, Wien","Installationsansicht Museum Moderner Kunst, 1996"
http://img.kochman.at/57%20Fotos%202000%20pxl/001325.jpg,„Auto Sex”,1999,"Heimo Zobernig, Franz West
halbtransparente Spiegelfolie, Gummi, Papierklemmen;
zwei Stühle: Metall, Holz, Schaumstoff, Baumwolle
je 84 x 45 x 54 cm
Folie: 250 x 150 cm
Gummi: 141 x 320 cm",,"Installationsansicht Galerie Hauser & Wirth, Zürich, 1999"
http://img.kochman.at/57%20Fotos%202000%20pxl/001704.jpg,Labstück,o.J.,"Holz, Glas, Metall, Pappe
22 x 39 x 28 cm",,
http://img.kochman.at/57%20Fotos%202000%20pxl/002270.jpg,„Doku-Stuhl”,1997-2003,"Offene Edition, alle individuell in Farbe und Gestaltung
Stahl, Holz, Schaumstoff, Leinen, Baumwolle
je ca. 84 x 45 x 54 cm",Werner Maschmann,"Installationsansicht documenta X, Kassel, 1997"
http://img.kochman.at/57%20Fotos%202000%20pxl/002339.jpg,“Spiegel in Kabine mit Passstücken”,1996,"4 Passstücke, Bodenplatte, Kabine, Spiegel von Michelangelo Pistoletto, Video mit Handlungsanregungen, Monitor
Kabine: Spiegel, Holz, Zeitung, Dispersion; Passstücke: Epoxydharz, Metall; Monitor, Video
Kabine: 220 x 260 x 360 cm; 
Spiegel: 220 x 140 cm; 
Passstücke: 112 x 16 x 15 cm, 112 x 30 x 22 cm, 108 x 31 x 22,5 cm, 114 x 29 x 28 cm",© Marc Boyer,"Installationsansicht Les Abbatoirs, Toulouse, 2000"
http://img.kochman.at/57%20Fotos%202000%20pxl/003265.jpg,“Viennoiserie“,1998,"10teilige Bilderwand mit Arbeiten verschiedener Künstler, Diwan, 2 Editionen, Sockel, Tisch

Einzelne Arbeiten:
Richard Jackson: 66 x 101 cm
Paul McCarthy: 61 x 48 cm
Raymond Pettibon: 44 x 28 cm
Roland Kollnitz: 138 x 38 x 5 cm
Otto Mühl: 55 x 65 cm
Seamus Farel a.o.: 85 x 103 cm
Joseph Kosuth: 125,5 x 107 cm
Franz West (braun): 85 x 103 cm
Franz West (Kleiderbügel): 44 x 24 x 5 cm
Franz West (Deckel): 37 x 28 x 3,5 cm
Franz West (linke Skulptur): 68 x 68 x 104 (H) cm
Sockel: 59,5 x 37 x 98 (H) cm
Franz West (rechte Skulptur): 66 x 78 x 93,5 (H) cm
Tisch von Prinzgau/Podgorschek, von Franz West überarbeitet: 74 x 97 ø cm
Franz West (Diwan): 230 x 80 x 90 (H) cm","Jens Preusse, Wien","Installationsansicht Atelier Stubenring, 1998"
http://img.kochman.at/57%20Fotos%202000%20pxl/006149.jpg,„Sphairos (Die Kopie ihres Titels)”,1998,"Aluminium lackiert
150 x 150 x 150 cm, Sockel: 49 x 240 x 290 cm",Heinz Stanger,"Installationsansicht Skulptur im Schlosspark Ambras, Innsbruck, 2000"
http://img.kochman.at/57%20Fotos%202000%20pxl/006575.jpg,„Onkel-Stuhl“,2001-2009,"Stahl, Textilbänder
ca. 87 (H) x 51 x 45 cm (Standardmaße)",,
http://img.kochman.at/57%20Fotos%202000%20pxl/012930.jpg,“Schöner Wohnen”,1999,"zehnteilige Bilderwand mit Arbeiten verschiedener KünstlerInnen, zwei Clubfauteuils, Trog
Maße variabel ","A. Burger, Zürich","Installationsansicht Hauser & Wirth, 1999"
http://img.kochman.at/57%20Fotos%202000%20pxl/013594.jpg,"„H. Moser’s Messer (Symbolik (Dir, Reinhard))“",1982,"Gouache auf Zeitungsseite
26,6 x 21,3 cm",Lukas Schaller,
http://img.kochman.at/57%20Fotos%202000%20pxl/013701.jpg,o.T.,2007,"Papiermaché, Metall, Holz, Farbe
154 x 103 x 63 cm
Sockel: 100 x 50 x 60 cm",Lukas Schaller,
http://img.kochman.at/57%20Fotos%202000%20pxl/013821.jpg,“We’ll not carry coals”,2000/2007,"sechsteilige Installation mit Arbeiten verschiedener Künstler
diverse Materialien; Maße variabel",Clemens Schillinger,"Installationsansicht Kunstraum Innsbruck, 2007"
http://img.kochman.at/57%20Fotos%202000%20pxl/013871.jpg,„Eine Studie“ (Modell),2007,"Papiermaché, Metall, Acrylfarbe, Holz, Plexiglas
33 x 53 x 53 cm",Lukas Schaller,
http://img.kochman.at/57%20Fotos%202000%20pxl/013875.jpg,„Eine Studie“ (Modell),2007,"Papiermaché, Metall, Acrylfarbe, Holz, Plexiglas
33 x 53 x 53 cm",Lukas Schaller,
http://img.kochman.at/57%20Fotos%202000%20pxl/013912.jpg,Passstück,o.J.,"Polyester, Glasfiber, Dispersion
33,5 x 45,5 cm (Ø) ",Lukas Schaller,
http://img.kochman.at/57%20Fotos%202000%20pxl/013916.jpg,Passstück,o.J.,"Polyesterkern, Dispersion, Besenstiel, Gips, Gaze
92,5 x 44,5 x 42,3 cm ",Lukas Schaller,
http://img.kochman.at/57%20Fotos%202000%20pxl/014130.jpg,"Plakatentwurf (Passstücke, Gagosian Gallery N.Y.)",2008,"Collage, Digitalprint, Acryl auf Schaumkarton
113,5 x 132,6 cm
Rahmen: 124 x 143,5 x 5,5 cm",Lukas Schaller,
http://img.kochman.at/57%20Fotos%202000%20pxl/014131.jpg,„Pommes d’Adam“ (Modell),2007,"Modell mit vier Skulpturen in Vitrine
Papiermaché, Holz, Plexiglas
87 x 126 x 64 cm",Lukas Schaller,
http://img.kochman.at/57%20Fotos%202000%20pxl/014139.jpg,„NYCNAC“,2008,"Paravent mit Tapete, 2 bis 8 Passstücke und Video
Digitalprint, Acrylfarbe, Holz, Video
Kabine: 4 Flügel je 240 x 160 cm
Passstücke: je 100 x 20 x 25 cm",Lukas Schaller,
http://img.kochman.at/57%20Fotos%202000%20pxl/014256.jpg,Passstück (bemalt von Eugenia Rochas),1982,"Metall, Holz, Farbe, Papier
56 x 53 x 26 cm",Lukas Schaller,
http://img.kochman.at/57%20Fotos%202000%20pxl/014798.jpg,„Warum ist etwas und nicht nichts”,1997,"Stahlblech lackiert, Laminat
220 x 390 x 180 cm",© Margherita Spiluttini,
http://img.kochman.at/57%20Fotos%202000%20pxl/014914.jpg,o.T.,1977,"Gouache auf Zeitschriftenseite
ca. 20 x 30 cm",Generali Foundation,
http://img.kochman.at/57%20Fotos%202000%20pxl/016719.jpg,o.T.,2007,"Papiermaché, Metall, Holz, Farbe, Farbkübel
126 x 113,5 x 74 cm
Sockel: 46 (H) x 102 x 77 cm",Lukas Schaller,
http://img.kochman.at/57%20Fotos%202000%20pxl/016841.jpg,„Meeting Point 2“ (Modell),2000/2009,"Aluminium, Gips, Acrylglas, Holz, Karton
32 x 41 x 41 cm",Lukas Schaller,
http://img.kochman.at/57%20Fotos%202000%20pxl/018084.jpg,„Echolalie“,2010,"Installation bestehend aus 7 Skulpturen, 1 Clubfauteil, 2 Tröge
diverse Materialien und Dimensionen",Lukas Schaller,
http://img.kochman.at/57%20Fotos%202000%20pxl/020234.jpg,„Epiphanie an Stühlen“,2011,"Hängende Skulptur, zwei Stühle
Skulptur: Stahl, PU-Schaum, Gaze, Dispersion
Ø 165 cm, 6 Arme je ca. 115 x 25 x 25 cm
Stühle: Stahl, Holz, Bambus, Leinen
je ca. 85 x 45 x 55 cm",Michaela Obermair,
http://img.kochman.at/57%20Fotos%202000%20pxl/020513.jpg,o.T.,2011,"Papiermaché, Styropor, Acryllack, Stahl
115 x 63 x 50 cm",Michaela Obermair,
http://img.kochman.at/57%20Fotos%202000%20pxl/020685.jpg,Aus der Installation „12 Diwane”,1996,"Stahl, Schaumstoff, Jute, Teppich/Wolle (bzw. Baumwolle für die MAK Exemplare)
je 200 x 63 x 70 cm",Courtesy Dorotheum,
http://img.kochman.at/57%20Fotos%202000%20pxl/022846.jpg,„Variable”,1997,"Zehnteilige Bilderwand: zwei Wandobjekte, drei Schwarz-Weiß-Fotografien, zwei Siebdrucke, zwei Collagen, ein Plakatentwurf
150 x 320 x 10 cm",Michaela Obermair,"Installationsansicht Museum Moderner Kunst Stiftung Ludwig, Wien, 2013"
http://img.kochman.at/57%20Fotos%202000%20pxl/022888.jpg,„Parrhesia“,2012,"7 Skulpturen auf Sockel
Papiermaché, Styropor, Karton, Acryllack, Acrylfarbe, Stahl, Sockel: Holz
Maße variabel",Michaela Obermair,"Installationsansicht Museum Moderner Kunst Stiftung Ludwig, Wien, 2013"
http://img.kochman.at/57%20Fotos%202000%20pxl/022898.jpg,o.T.,2012 (Fertigstellung posthum),"Aluminium lackiert
560 x 430 x 340 cm",Michaela Obermair,"Installationsansicht Museum Moderner Kunst Stiftung Ludwig, Wien, 2013"
http://img.kochman.at/57%20Fotos%202000%20pxl/026891.jpg,„Maya’s Dream“,2006,"Epoxydharz, Kunstharzlack, Beton
250 x 260 x 180 cm",Courtesy Gagosian Gallery,
http://img.kochman.at/57%20Fotos%202000%20pxl/026895.jpg,„Eggs“,2006,"vierteilig
Epoxydharz, Kunstharzlack
je ca. 105 (H) x 140 x 110 cm",Courtesy Gagosian Gallery,
http://img.kochman.at/57%20Fotos%202000%20pxl/026905.jpg,„Onkel-Stuhl“,2001-2009,"Stahl, Textilbänder
ca. 87 (H) x 51 x 45 cm (Standardmaße)",Courtesy Gagosian Gallery,
http://img.kochman.at/57%20Fotos%202000%20pxl/027079.jpg,„Lotus”,2006,"Epoxydharz
166 x 210 x 290 cm",Courtesy Gagosian Gallery,
http://img.kochman.at/57%20Fotos%202000%20pxl/027137.jpg,o.T.,2006,"Epoxydharz
230 x 305 x 280 cm",Courtesy Gagosian Gallery,
http://img.kochman.at/57%20Fotos%202000%20pxl/027145.jpg,Passstück,o.J. (Ende 1970er Jahre),"Metall, Papiermache, Dispersionsfarbe 
34,5 x 54 x 47 cm",Courtesy Kunst Auktionen im Kinsky,
http://img.kochman.at/57%20Fotos%202000%20pxl/027557.jpg,"„Alibert""",1996,"Auflage: 200
Siebdruck 
76 x 56 cm",Birgit und Peter Kainz,
http://img.kochman.at/57%20Fotos%202000%20pxl/027565.jpg,Plakatentwurf (Franz West at David Zwirner),1996,"Farbkopie, collagiert auf Karton
100 x 70 cm, Rahmen: 103,8 x 74,1 x 4 cm ",Birgit und Peter Kainz,
http://img.kochman.at/57%20Fotos%202000%20pxl/027612.jpg,Plakatentwurf (Basel),1998,"Digitalprint, Kugelschreiber, Acryl auf Schaumkarton
128 x 90,5 cm, Rahmen: 144 x 106,7 x 4 cm",Birgit und Peter Kainz,
http://img.kochman.at/57%20Fotos%202000%20pxl/027921.jpg,Plakatentwurf (Sequence 1 - Painting and Sculpture in the Francois Pinault Collection),2007,"beidseitig: Collage, Acryl auf Digital Print (recto); Acryl, Lack, Digital Prints, Fotos collagiert (verso)
65,5 (H) x 51 cm",Birgit und Peter Kainz,
http://img.kochman.at/57%20Fotos%202000%20pxl/028675.jpg,o.T.,1982,"Gips, Wellpappe
185 x 57 x 30 cm",Courtesy Kunst Auktionen im Kinsky,
http://img.kochman.at/57%20Fotos%202000%20pxl/029000.jpg,o.T.,1972,"Gouache auf Papier
13,7 x 21 cm
Rahmen: 25,1 x 31,1 x 3,2 cm ",Courtesy Kunst Auktionen im Kinsky,
http://img.kochman.at/57%20Fotos%202000%20pxl/030145.jpg,o.T.,um 1982/83,"Collage auf Geschenkpapier
34,5 x 50 cm, Rahmen: 52 x 67 x 2,6 cm",Courtesy Galerie Meyer Kainer,
http://img.kochman.at/57%20Fotos%202000%20pxl/033170.jpg,"""Den Anrainern zuliebe”",2001,"5 Sitzwuste
Aluminium lackiert
Zw. 684 + 716 cm (L), je 60 cm (Ø)",© Jannes Linders & Sculpture International Rotterdam / CBK Rotterdam,"Westersingel, Rotterdam, 2012"
http://img.kochman.at/57%20Fotos%202000%20pxl/033713.jpg,„Onkel-Stuhl“,2001-2009,"Stahl, Textilbänder
ca. 87 (H) x 51 x 45 cm (Standardmaße)",Courtesy Gagosian Gallery,
http://img.kochman.at/57%20Fotos%202000%20pxl/034217.jpg,„Extroversion“,2000-2011,"Installation bestehend aus 43 Kunstwerken von Franz West und weiteren Künstler:innen
diverse Materialien, Pavillon (inkl. hängende und stehende Objekten): ca. 345 (H) x 800 x 900 cm",Hannes Stoll,"Installationsansicht 21er Haus, 2016"
http://img.kochman.at/57%20Fotos%202000%20pxl/034671.jpg,Liege (Vermeer),1989,"Stahl
88 x 136 x 50 cm",Courtesy Nachlass Günther Förg,
http://img.kochman.at/57%20Fotos%202000%20pxl/036053.jpg,Labstück,1986,"Metaxaflasche, Polyester, Holz
113 x 37 x 12 cm, Sockel: 124,5 x 139,5 x 35 cm",Courtesy Galerie Capitain,
http://img.kochman.at/57%20Fotos%202000%20pxl/6a7daccd34321b6eac13a0f5_037705.jpg,o.T. (für Ettore Spalletti),1991,"Holz, Gaze, Gips
200 x 40 x 40 cm",,
http://img.kochman.at/57%20Fotos%202000%20pxl/038663.jpg,„Kasseler Rippchen”,1996,"18teilige Installation bestehend aus Arbeiten verschiedener Künstler:innen
zehnteilige Bilderwand, drei Objekte, zwei Tische, drei Stühle
Metall, Holz, Gips, Plastik, Farbe, Leinen
Maße variabel

Bilder:
Werner Büttner: 80 x 60 cm
Martin Kippenberger: 60 x 50,3 x 4,3 (tief) cm
Albert Oehlen: 67,3 x 56 x 2,8 (tief) cm
Heimo Zobernig: 100 x 150 cm
Herbert Brandl: 79 x 110 cm
Janc Szenizcei: 31,5 x 25,5 cm
Kiki Smith: 58,5 x 81 cm
Mary Heilman: 38 x 33 cm
Vittore Pisano: 43,3 x 53,3 cm
Rudolf Polanszky: 74,5 x 61,5 x 8,5 cm

Objekte:
Wolfgang Winter: 46 x 96 x 21 cm
Andreas Rohrbach: 214 x 17 x 10 cm
Jason Rhoades: 110 x 116 x 65,5 cm
Michael Kienzer: 22 x 22 x 22 cm
unbekannt: 31,5 x 16 x 10 cm (kl. Flasche, ummantelt, auf Tisch)
Franz West:
Tisch 1: 74 x 65 x 50 cm
Tisch 2: 122 x 44 x 44 cm
3 Stühle: 84 x 43 x 44 cm",Stefan Altenburger,"Installationsansicht Hauser & Wirth, 2019"
http://img.kochman.at/57%20Fotos%202000%20pxl/040442.jpg,Chaiselongue,1994,"Stoff, Stahl, Schaumgummi
90,5 x 152,5 x 100 cm","Courtesy  Phillips, London",
http://img.kochman.at/57%20Fotos%202000%20pxl/041662.jpg,„Krauses Gekröse“,"2014, nach einem Entwurf von 2011, Herstellung posthum","Aluminium, Kunstharzlack
1100 x 550 x 650 cm",Lukas Schaller,"Arles, 2022"
http://img.kochman.at/57%20Fotos%202000%20pxl/046965.jpg,Passstück,um 1975,"Eisendraht, Gaze, Gips, Farbe
35 x 53 x 22 cm","Stefan Altenburger, Courtesy Galerie Presenhuber Zürich",
http://img.kochman.at/57%20Fotos%202000%20pxl/77336Scan.jpg,„Rückkehr zu Freud“,1982,"Gouache auf Zeitschriftenseite
20 x 22,6 cm",Heinz Neumann,
